90000000001,111111,86
90000000002,111111,86
90000000003,111111,86
90000000004,111111,86
90000000005,111111,86
90000000006,111111,86
90000000007,111111,86
90000000008,111111,86
90000000009,111111,86
90000000010,111111,86
90000000011,111111,86
90000000012,111111,86
90000000013,111111,86
90000000014,111111,86
90000000015,111111,86
90000000016,111111,86
90000000017,111111,86
90000000018,111111,86
90000000019,111111,86
90000000020,111111,86
90000000021,111111,86
90000000022,111111,86
90000000023,111111,86
90000000024,111111,86
90000000025,111111,86
90000000026,111111,86
90000000027,111111,86
90000000028,111111,86
90000000029,111111,86
90000000030,111111,86
90000000031,111111,86
90000000032,111111,86
90000000033,111111,86
90000000034,111111,86
90000000035,111111,86
90000000036,111111,86
90000000037,111111,86
90000000038,111111,86
90000000039,111111,86
90000000040,111111,86
90000000041,111111,86
90000000042,111111,86
90000000043,111111,86
90000000044,111111,86
90000000045,111111,86
90000000046,111111,86
90000000047,111111,86
90000000048,111111,86
90000000049,111111,86
90000000050,111111,86
90000000051,111111,86
90000000052,111111,86
90000000053,111111,86
90000000054,111111,86
90000000055,111111,86
90000000056,111111,86
90000000057,111111,86
90000000058,111111,86
90000000059,111111,86
90000000060,111111,86
90000000061,111111,86
90000000062,111111,86
90000000063,111111,86
90000000064,111111,86
90000000065,111111,86
90000000066,111111,86
90000000067,111111,86
90000000068,111111,86
90000000069,111111,86
90000000070,111111,86
90000000071,111111,86
90000000072,111111,86
90000000073,111111,86
90000000074,111111,86
90000000075,111111,86
90000000076,111111,86
90000000077,111111,86
90000000078,111111,86
90000000079,111111,86
90000000080,111111,86
90000000081,111111,86
90000000082,111111,86
90000000083,111111,86
90000000084,111111,86
90000000085,111111,86
90000000086,111111,86
90000000087,111111,86
90000000088,111111,86
90000000089,111111,86
90000000090,111111,86
90000000091,111111,86
90000000092,111111,86
90000000093,111111,86
90000000094,111111,86
90000000095,111111,86
90000000096,111111,86
90000000097,111111,86
90000000098,111111,86
90000000099,111111,86
90000000100,111111,86
90000000101,111111,86
90000000102,111111,86
90000000103,111111,86
90000000104,111111,86
90000000105,111111,86
90000000106,111111,86
90000000107,111111,86
90000000108,111111,86
90000000109,111111,86
90000000110,111111,86
90000000111,111111,86
90000000112,111111,86
90000000113,111111,86
90000000114,111111,86
90000000115,111111,86
90000000116,111111,86
90000000117,111111,86
90000000118,111111,86
90000000119,111111,86
90000000120,111111,86
90000000121,111111,86
90000000122,111111,86
90000000123,111111,86
90000000124,111111,86
90000000125,111111,86
90000000126,111111,86
90000000127,111111,86
90000000128,111111,86
90000000129,111111,86
90000000130,111111,86
90000000131,111111,86
90000000132,111111,86
90000000133,111111,86
90000000134,111111,86
90000000135,111111,86
90000000136,111111,86
90000000137,111111,86
90000000138,111111,86
90000000139,111111,86
90000000140,111111,86
90000000141,111111,86
90000000142,111111,86
90000000143,111111,86
90000000144,111111,86
90000000145,111111,86
90000000146,111111,86
90000000147,111111,86
90000000148,111111,86
90000000149,111111,86
90000000150,111111,86
90000000151,111111,86
90000000152,111111,86
90000000153,111111,86
90000000154,111111,86
90000000155,111111,86
90000000156,111111,86
90000000157,111111,86
90000000158,111111,86
90000000159,111111,86
90000000160,111111,86
90000000161,111111,86
90000000162,111111,86
90000000163,111111,86
90000000164,111111,86
90000000165,111111,86
90000000166,111111,86
90000000167,111111,86
90000000168,111111,86
90000000169,111111,86
90000000170,111111,86
90000000171,111111,86
90000000172,111111,86
90000000173,111111,86
90000000174,111111,86
90000000175,111111,86
90000000176,111111,86
90000000177,111111,86
90000000178,111111,86
90000000179,111111,86
90000000180,111111,86
90000000181,111111,86
90000000182,111111,86
90000000183,111111,86
90000000184,111111,86
90000000185,111111,86
90000000186,111111,86
90000000187,111111,86
90000000188,111111,86
90000000189,111111,86
90000000190,111111,86
90000000191,111111,86
90000000192,111111,86
90000000193,111111,86
90000000194,111111,86
90000000195,111111,86
90000000196,111111,86
90000000197,111111,86
90000000198,111111,86
90000000199,111111,86
90000000200,111111,86
90000000201,111111,86
90000000202,111111,86
90000000203,111111,86
90000000204,111111,86
90000000205,111111,86
90000000206,111111,86
90000000207,111111,86
90000000208,111111,86
90000000209,111111,86
90000000210,111111,86
90000000211,111111,86
90000000212,111111,86
90000000213,111111,86
90000000214,111111,86
90000000215,111111,86
90000000216,111111,86
90000000217,111111,86
90000000218,111111,86
90000000219,111111,86
90000000220,111111,86
90000000221,111111,86
90000000222,111111,86
90000000223,111111,86
90000000224,111111,86
90000000225,111111,86
90000000226,111111,86
90000000227,111111,86
90000000228,111111,86
90000000229,111111,86
90000000230,111111,86
90000000231,111111,86
90000000232,111111,86
90000000233,111111,86
90000000234,111111,86
90000000235,111111,86
90000000236,111111,86
90000000237,111111,86
90000000238,111111,86
90000000239,111111,86
90000000240,111111,86
90000000241,111111,86
90000000242,111111,86
90000000243,111111,86
90000000244,111111,86
90000000245,111111,86
90000000246,111111,86
90000000247,111111,86
90000000248,111111,86
90000000249,111111,86
90000000250,111111,86
90000000251,111111,86
90000000252,111111,86
90000000253,111111,86
90000000254,111111,86
90000000255,111111,86
90000000256,111111,86
90000000257,111111,86
90000000258,111111,86
90000000259,111111,86
90000000260,111111,86
90000000261,111111,86
90000000262,111111,86
90000000263,111111,86
90000000264,111111,86
90000000265,111111,86
90000000266,111111,86
90000000267,111111,86
90000000268,111111,86
90000000269,111111,86
90000000270,111111,86
90000000271,111111,86
90000000272,111111,86
90000000273,111111,86
90000000274,111111,86
90000000275,111111,86
90000000276,111111,86
90000000277,111111,86
90000000278,111111,86
90000000279,111111,86
90000000280,111111,86
90000000281,111111,86
90000000282,111111,86
90000000283,111111,86
90000000284,111111,86
90000000285,111111,86
90000000286,111111,86
90000000287,111111,86
90000000288,111111,86
90000000289,111111,86
90000000290,111111,86
90000000291,111111,86
90000000292,111111,86
90000000293,111111,86
90000000294,111111,86
90000000295,111111,86
90000000296,111111,86
90000000297,111111,86
90000000298,111111,86
90000000299,111111,86
90000000300,111111,86
90000000301,111111,86
90000000302,111111,86
90000000303,111111,86
90000000304,111111,86
90000000305,111111,86
90000000306,111111,86
90000000307,111111,86
90000000308,111111,86
90000000309,111111,86
90000000310,111111,86
90000000311,111111,86
90000000312,111111,86
90000000313,111111,86
90000000314,111111,86
90000000315,111111,86
90000000316,111111,86
90000000317,111111,86
90000000318,111111,86
90000000319,111111,86
90000000320,111111,86
90000000321,111111,86
90000000322,111111,86
90000000323,111111,86
90000000324,111111,86
90000000325,111111,86
90000000326,111111,86
90000000327,111111,86
90000000328,111111,86
90000000329,111111,86
90000000330,111111,86
90000000331,111111,86
90000000332,111111,86
90000000333,111111,86
90000000334,111111,86
90000000335,111111,86
90000000336,111111,86
90000000337,111111,86
90000000338,111111,86
90000000339,111111,86
90000000340,111111,86
90000000341,111111,86
90000000342,111111,86
90000000343,111111,86
90000000344,111111,86
90000000345,111111,86
90000000346,111111,86
90000000347,111111,86
90000000348,111111,86
90000000349,111111,86
90000000350,111111,86
90000000351,111111,86
90000000352,111111,86
90000000353,111111,86
90000000354,111111,86
90000000355,111111,86
90000000356,111111,86
90000000357,111111,86
90000000358,111111,86
90000000359,111111,86
90000000360,111111,86
90000000361,111111,86
90000000362,111111,86
90000000363,111111,86
90000000364,111111,86
90000000365,111111,86
90000000366,111111,86
90000000367,111111,86
90000000368,111111,86
90000000369,111111,86
90000000370,111111,86
90000000371,111111,86
90000000372,111111,86
90000000373,111111,86
90000000374,111111,86
90000000375,111111,86
90000000376,111111,86
90000000377,111111,86
90000000378,111111,86
90000000379,111111,86
90000000380,111111,86
90000000381,111111,86
90000000382,111111,86
90000000383,111111,86
90000000384,111111,86
90000000385,111111,86
90000000386,111111,86
90000000387,111111,86
90000000388,111111,86
90000000389,111111,86
90000000390,111111,86
90000000391,111111,86
90000000392,111111,86
90000000393,111111,86
90000000394,111111,86
90000000395,111111,86
90000000396,111111,86
90000000397,111111,86
90000000398,111111,86
90000000399,111111,86
90000000400,111111,86
90000000401,111111,86
90000000402,111111,86
90000000403,111111,86
90000000404,111111,86
90000000405,111111,86
90000000406,111111,86
90000000407,111111,86
90000000408,111111,86
90000000409,111111,86
90000000410,111111,86
90000000411,111111,86
90000000412,111111,86
90000000413,111111,86
90000000414,111111,86
90000000415,111111,86
90000000416,111111,86
90000000417,111111,86
90000000418,111111,86
90000000419,111111,86
90000000420,111111,86
90000000421,111111,86
90000000422,111111,86
90000000423,111111,86
90000000424,111111,86
90000000425,111111,86
90000000426,111111,86
90000000427,111111,86
90000000428,111111,86
90000000429,111111,86
90000000430,111111,86
90000000431,111111,86
90000000432,111111,86
90000000433,111111,86
90000000434,111111,86
90000000435,111111,86
90000000436,111111,86
90000000437,111111,86
90000000438,111111,86
90000000439,111111,86
90000000440,111111,86
90000000441,111111,86
90000000442,111111,86
90000000443,111111,86
90000000444,111111,86
90000000445,111111,86
90000000446,111111,86
90000000447,111111,86
90000000448,111111,86
90000000449,111111,86
90000000450,111111,86
90000000451,111111,86
90000000452,111111,86
90000000453,111111,86
90000000454,111111,86
90000000455,111111,86
90000000456,111111,86
90000000457,111111,86
90000000458,111111,86
90000000459,111111,86
90000000460,111111,86
90000000461,111111,86
90000000462,111111,86
90000000463,111111,86
90000000464,111111,86
90000000465,111111,86
90000000466,111111,86
90000000467,111111,86
90000000468,111111,86
90000000469,111111,86
90000000470,111111,86
90000000471,111111,86
90000000472,111111,86
90000000473,111111,86
90000000474,111111,86
90000000475,111111,86
90000000476,111111,86
90000000477,111111,86
90000000478,111111,86
90000000479,111111,86
90000000480,111111,86
90000000481,111111,86
90000000482,111111,86
90000000483,111111,86
90000000484,111111,86
90000000485,111111,86
90000000486,111111,86
90000000487,111111,86
90000000488,111111,86
90000000489,111111,86
90000000490,111111,86
90000000491,111111,86
90000000492,111111,86
90000000493,111111,86
90000000494,111111,86
90000000495,111111,86
90000000496,111111,86
90000000497,111111,86
90000000498,111111,86
90000000499,111111,86
90000000500,111111,86
90000000501,111111,86
90000000502,111111,86
90000000503,111111,86
90000000504,111111,86
90000000505,111111,86
90000000506,111111,86
90000000507,111111,86
90000000508,111111,86
90000000509,111111,86
90000000510,111111,86
90000000511,111111,86
90000000512,111111,86
90000000513,111111,86
90000000514,111111,86
90000000515,111111,86
90000000516,111111,86
90000000517,111111,86
90000000518,111111,86
90000000519,111111,86
90000000520,111111,86
90000000521,111111,86
90000000522,111111,86
90000000523,111111,86
90000000524,111111,86
90000000525,111111,86
90000000526,111111,86
90000000527,111111,86
90000000528,111111,86
90000000529,111111,86
90000000530,111111,86
90000000531,111111,86
90000000532,111111,86
90000000533,111111,86
90000000534,111111,86
90000000535,111111,86
90000000536,111111,86
90000000537,111111,86
90000000538,111111,86
90000000539,111111,86
90000000540,111111,86
90000000541,111111,86
90000000542,111111,86
90000000543,111111,86
90000000544,111111,86
90000000545,111111,86
90000000546,111111,86
90000000547,111111,86
90000000548,111111,86
90000000549,111111,86
90000000550,111111,86
90000000551,111111,86
90000000552,111111,86
90000000553,111111,86
90000000554,111111,86
90000000555,111111,86
90000000556,111111,86
90000000557,111111,86
90000000558,111111,86
90000000559,111111,86
90000000560,111111,86
90000000561,111111,86
90000000562,111111,86
90000000563,111111,86
90000000564,111111,86
90000000565,111111,86
90000000566,111111,86
90000000567,111111,86
90000000568,111111,86
90000000569,111111,86
90000000570,111111,86
90000000571,111111,86
90000000572,111111,86
90000000573,111111,86
90000000574,111111,86
90000000575,111111,86
90000000576,111111,86
90000000577,111111,86
90000000578,111111,86
90000000579,111111,86
90000000580,111111,86
90000000581,111111,86
90000000582,111111,86
90000000583,111111,86
90000000584,111111,86
90000000585,111111,86
90000000586,111111,86
90000000587,111111,86
90000000588,111111,86
90000000589,111111,86
90000000590,111111,86
90000000591,111111,86
90000000592,111111,86
90000000593,111111,86
90000000594,111111,86
90000000595,111111,86
90000000596,111111,86
90000000597,111111,86
90000000598,111111,86
90000000599,111111,86
90000000600,111111,86
90000000601,111111,86
90000000602,111111,86
90000000603,111111,86
90000000604,111111,86
90000000605,111111,86
90000000606,111111,86
90000000607,111111,86
90000000608,111111,86
90000000609,111111,86
90000000610,111111,86
90000000611,111111,86
90000000612,111111,86
90000000613,111111,86
90000000614,111111,86
90000000615,111111,86
90000000616,111111,86
90000000617,111111,86
90000000618,111111,86
90000000619,111111,86
90000000620,111111,86
90000000621,111111,86
90000000622,111111,86
90000000623,111111,86
90000000624,111111,86
90000000625,111111,86
90000000626,111111,86
90000000627,111111,86
90000000628,111111,86
90000000629,111111,86
90000000630,111111,86
90000000631,111111,86
90000000632,111111,86
90000000633,111111,86
90000000634,111111,86
90000000635,111111,86
90000000636,111111,86
90000000637,111111,86
90000000638,111111,86
90000000639,111111,86
90000000640,111111,86
90000000641,111111,86
90000000642,111111,86
90000000643,111111,86
90000000644,111111,86
90000000645,111111,86
90000000646,111111,86
90000000647,111111,86
90000000648,111111,86
90000000649,111111,86
90000000650,111111,86
90000000651,111111,86
90000000652,111111,86
90000000653,111111,86
90000000654,111111,86
90000000655,111111,86
90000000656,111111,86
90000000657,111111,86
90000000658,111111,86
90000000659,111111,86
90000000660,111111,86
90000000661,111111,86
90000000662,111111,86
90000000663,111111,86
90000000664,111111,86
90000000665,111111,86
90000000666,111111,86
90000000667,111111,86
90000000668,111111,86
90000000669,111111,86
90000000670,111111,86
90000000671,111111,86
90000000672,111111,86
90000000673,111111,86
90000000674,111111,86
90000000675,111111,86
90000000676,111111,86
90000000677,111111,86
90000000678,111111,86
90000000679,111111,86
90000000680,111111,86
90000000681,111111,86
90000000682,111111,86
90000000683,111111,86
90000000684,111111,86
90000000685,111111,86
90000000686,111111,86
90000000687,111111,86
90000000688,111111,86
90000000689,111111,86
90000000690,111111,86
90000000691,111111,86
90000000692,111111,86
90000000693,111111,86
90000000694,111111,86
90000000695,111111,86
90000000696,111111,86
90000000697,111111,86
90000000698,111111,86
90000000699,111111,86
90000000700,111111,86
90000000701,111111,86
90000000702,111111,86
90000000703,111111,86
90000000704,111111,86
90000000705,111111,86
90000000706,111111,86
90000000707,111111,86
90000000708,111111,86
90000000709,111111,86
90000000710,111111,86
90000000711,111111,86
90000000712,111111,86
90000000713,111111,86
90000000714,111111,86
90000000715,111111,86
90000000716,111111,86
90000000717,111111,86
90000000718,111111,86
90000000719,111111,86
90000000720,111111,86
90000000721,111111,86
90000000722,111111,86
90000000723,111111,86
90000000724,111111,86
90000000725,111111,86
90000000726,111111,86
90000000727,111111,86
90000000728,111111,86
90000000729,111111,86
90000000730,111111,86
90000000731,111111,86
90000000732,111111,86
90000000733,111111,86
90000000734,111111,86
90000000735,111111,86
90000000736,111111,86
90000000737,111111,86
90000000738,111111,86
90000000739,111111,86
90000000740,111111,86
90000000741,111111,86
90000000742,111111,86
90000000743,111111,86
90000000744,111111,86
90000000745,111111,86
90000000746,111111,86
90000000747,111111,86
90000000748,111111,86
90000000749,111111,86
90000000750,111111,86
90000000751,111111,86
90000000752,111111,86
90000000753,111111,86
90000000754,111111,86
90000000755,111111,86
90000000756,111111,86
90000000757,111111,86
90000000758,111111,86
90000000759,111111,86
90000000760,111111,86
90000000761,111111,86
90000000762,111111,86
90000000763,111111,86
90000000764,111111,86
90000000765,111111,86
90000000766,111111,86
90000000767,111111,86
90000000768,111111,86
90000000769,111111,86
90000000770,111111,86
90000000771,111111,86
90000000772,111111,86
90000000773,111111,86
90000000774,111111,86
90000000775,111111,86
90000000776,111111,86
90000000777,111111,86
90000000778,111111,86
90000000779,111111,86
90000000780,111111,86
90000000781,111111,86
90000000782,111111,86
90000000783,111111,86
90000000784,111111,86
90000000785,111111,86
90000000786,111111,86
90000000787,111111,86
90000000788,111111,86
90000000789,111111,86
90000000790,111111,86
90000000791,111111,86
90000000792,111111,86
90000000793,111111,86
90000000794,111111,86
90000000795,111111,86
90000000796,111111,86
90000000797,111111,86
90000000798,111111,86
90000000799,111111,86
90000000800,111111,86
90000000801,111111,86
90000000802,111111,86
90000000803,111111,86
90000000804,111111,86
90000000805,111111,86
90000000806,111111,86
90000000807,111111,86
90000000808,111111,86
90000000809,111111,86
90000000810,111111,86
90000000811,111111,86
90000000812,111111,86
90000000813,111111,86
90000000814,111111,86
90000000815,111111,86
90000000816,111111,86
90000000817,111111,86
90000000818,111111,86
90000000819,111111,86
90000000820,111111,86
90000000821,111111,86
90000000822,111111,86
90000000823,111111,86
90000000824,111111,86
90000000825,111111,86
90000000826,111111,86
90000000827,111111,86
90000000828,111111,86
90000000829,111111,86
90000000830,111111,86
90000000831,111111,86
90000000832,111111,86
90000000833,111111,86
90000000834,111111,86
90000000835,111111,86
90000000836,111111,86
90000000837,111111,86
90000000838,111111,86
90000000839,111111,86
90000000840,111111,86
90000000841,111111,86
90000000842,111111,86
90000000843,111111,86
90000000844,111111,86
90000000845,111111,86
90000000846,111111,86
90000000847,111111,86
90000000848,111111,86
90000000849,111111,86
90000000850,111111,86
90000000851,111111,86
90000000852,111111,86
90000000853,111111,86
90000000854,111111,86
90000000855,111111,86
90000000856,111111,86
90000000857,111111,86
90000000858,111111,86
90000000859,111111,86
90000000860,111111,86
90000000861,111111,86
90000000862,111111,86
90000000863,111111,86
90000000864,111111,86
90000000865,111111,86
90000000866,111111,86
90000000867,111111,86
90000000868,111111,86
90000000869,111111,86
90000000870,111111,86
90000000871,111111,86
90000000872,111111,86
90000000873,111111,86
90000000874,111111,86
90000000875,111111,86
90000000876,111111,86
90000000877,111111,86
90000000878,111111,86
90000000879,111111,86
90000000880,111111,86
90000000881,111111,86
90000000882,111111,86
90000000883,111111,86
90000000884,111111,86
90000000885,111111,86
90000000886,111111,86
90000000887,111111,86
90000000888,111111,86
90000000889,111111,86
90000000890,111111,86
90000000891,111111,86
90000000892,111111,86
90000000893,111111,86
90000000894,111111,86
90000000895,111111,86
90000000896,111111,86
90000000897,111111,86
90000000898,111111,86
90000000899,111111,86
90000000900,111111,86
90000000901,111111,86
90000000902,111111,86
90000000903,111111,86
90000000904,111111,86
90000000905,111111,86
90000000906,111111,86
90000000907,111111,86
90000000908,111111,86
90000000909,111111,86
90000000910,111111,86
90000000911,111111,86
90000000912,111111,86
90000000913,111111,86
90000000914,111111,86
90000000915,111111,86
90000000916,111111,86
90000000917,111111,86
90000000918,111111,86
90000000919,111111,86
90000000920,111111,86
90000000921,111111,86
90000000922,111111,86
90000000923,111111,86
90000000924,111111,86
90000000925,111111,86
90000000926,111111,86
90000000927,111111,86
90000000928,111111,86
90000000929,111111,86
90000000930,111111,86
90000000931,111111,86
90000000932,111111,86
90000000933,111111,86
90000000934,111111,86
90000000935,111111,86
90000000936,111111,86
90000000937,111111,86
90000000938,111111,86
90000000939,111111,86
90000000940,111111,86
90000000941,111111,86
90000000942,111111,86
90000000943,111111,86
90000000944,111111,86
90000000945,111111,86
90000000946,111111,86
90000000947,111111,86
90000000948,111111,86
90000000949,111111,86
90000000950,111111,86
90000000951,111111,86
90000000952,111111,86
90000000953,111111,86
90000000954,111111,86
90000000955,111111,86
90000000956,111111,86
90000000957,111111,86
90000000958,111111,86
90000000959,111111,86
90000000960,111111,86
90000000961,111111,86
90000000962,111111,86
90000000963,111111,86
90000000964,111111,86
90000000965,111111,86
90000000966,111111,86
90000000967,111111,86
90000000968,111111,86
90000000969,111111,86
90000000970,111111,86
90000000971,111111,86
90000000972,111111,86
90000000973,111111,86
90000000974,111111,86
90000000975,111111,86
90000000976,111111,86
90000000977,111111,86
90000000978,111111,86
90000000979,111111,86
90000000980,111111,86
90000000981,111111,86
90000000982,111111,86
90000000983,111111,86
90000000984,111111,86
90000000985,111111,86
90000000986,111111,86
90000000987,111111,86
90000000988,111111,86
90000000989,111111,86
90000000990,111111,86
90000000991,111111,86
90000000992,111111,86
90000000993,111111,86
90000000994,111111,86
90000000995,111111,86
90000000996,111111,86
90000000997,111111,86
90000000998,111111,86
90000000999,111111,86
90000001000,111111,86
